file,source_slug,suggested_name
animal-element-1-01-01.svg,animal-element-1,
animal-element-1-02-01.svg,animal-element-1,
animal-element-1-03-01.svg,animal-element-1,
animal-element-1-04-01.svg,animal-element-1,
animal-element-1-05-01.svg,animal-element-1,
animal-element-1-06-01.svg,animal-element-1,
animal-element-1-07-01.svg,animal-element-1,
animal-element-1-08-01.svg,animal-element-1,
animal-element-1-09-01.svg,animal-element-1,
animal-element-1-10-01.svg,animal-element-1,
animal-element-1-11-01.svg,animal-element-1,
animal-element-1-12-01.svg,animal-element-1,
animal-element-1-13-01.svg,animal-element-1,
animal-element-1-14-01.svg,animal-element-1,
animal-element-1-15-01.svg,animal-element-1,
animal-element-1-16-01.svg,animal-element-1,
animal-element-1-17-01.svg,animal-element-1,
animal-element-1-18-01.svg,animal-element-1,
animal-element-1-19-01.svg,animal-element-1,
animal-element-1-20-01.svg,animal-element-1,
animal-element-1-21-01.svg,animal-element-1,
animal-element-1-22-01.svg,animal-element-1,
animal-element-1-23-01.svg,animal-element-1,
animal-element-1-24-01.svg,animal-element-1,
animal-element-1-25-01.svg,animal-element-1,
animal-element-1-26-01.svg,animal-element-1,
animal-element-1-27-01.svg,animal-element-1,
animal-element-1-28-01.svg,animal-element-1,
animal-element-1-29-01.svg,animal-element-1,
animal-element-1-30-01.svg,animal-element-1,
animal-element-1-31-01.svg,animal-element-1,
animal-element-1-32-01.svg,animal-element-1,
animal-element-1-33-01.svg,animal-element-1,
animal-element-1-34-01.svg,animal-element-1,
animal-element-1-35-01.svg,animal-element-1,
animal-element-1-36-01.svg,animal-element-1,
animal-element-1-37-01.svg,animal-element-1,
animal-element-1-38-01.svg,animal-element-1,
animal-element-2-01-01.svg,animal-element-2,
animal-element-2-02-01.svg,animal-element-2,
animal-element-2-03-01.svg,animal-element-2,
animal-element-2-04-01.svg,animal-element-2,
animal-element-2-05-01.svg,animal-element-2,
animal-element-2-06-01.svg,animal-element-2,
animal-element-2-07-01.svg,animal-element-2,
animal-element-2-08-01.svg,animal-element-2,
animal-element-2-09-01.svg,animal-element-2,
animal-element-2-10-01.svg,animal-element-2,
animal-element-2-11-01.svg,animal-element-2,
animal-element-2-12-01.svg,animal-element-2,
animal-element-2-13-01.svg,animal-element-2,
animal-element-2-14-01.svg,animal-element-2,
animal-element-2-15-01.svg,animal-element-2,
animal-element-2-16-01.svg,animal-element-2,
animal-element-2-17-01.svg,animal-element-2,
animal-element-2-18-01.svg,animal-element-2,
animal-element-2-19-01.svg,animal-element-2,
animal-element-2-20-01.svg,animal-element-2,
animal-element-2-21-01.svg,animal-element-2,
animal-element-2-22-01.svg,animal-element-2,
animal-element-2-23-01.svg,animal-element-2,
animal-element-2-24-01.svg,animal-element-2,
animal-element-2-25-01.svg,animal-element-2,
animal-element-2-26-01.svg,animal-element-2,
animal-element-2-27-01.svg,animal-element-2,
animal-element-2-28-01.svg,animal-element-2,
animal-element-2-29-01.svg,animal-element-2,
animal-element-2-30-01.svg,animal-element-2,
animal-element-2-31-01.svg,animal-element-2,
animal-element-2-32-01.svg,animal-element-2,
animal-element-2-33-01.svg,animal-element-2,
animal-element-2-34-01.svg,animal-element-2,
animal-element-2-35-01.svg,animal-element-2,
animal-element-2-36-01.svg,animal-element-2,
animal-element-2-37-01.svg,animal-element-2,
animal-element-2-38-01.svg,animal-element-2,
animal-element-2-39-01.svg,animal-element-2,
animal-element-2-40-01.svg,animal-element-2,
animal-element-2-41-01.svg,animal-element-2,
animal-element-2-42-01.svg,animal-element-2,
animal-element-2-43-01.svg,animal-element-2,
animal-element-3-01-01.svg,animal-element-3,
animal-element-3-02-01.svg,animal-element-3,
animal-element-3-03-01.svg,animal-element-3,
animal-element-3-04-01.svg,animal-element-3,
animal-element-3-05-01.svg,animal-element-3,
animal-element-3-06-01.svg,animal-element-3,
animal-element-3-07-01.svg,animal-element-3,
animal-element-3-08-01.svg,animal-element-3,
animal-element-3-09-01.svg,animal-element-3,
animal-element-3-10-01.svg,animal-element-3,
animal-element-3-11-01.svg,animal-element-3,
animal-element-3-12-01.svg,animal-element-3,
animal-element-3-13-01.svg,animal-element-3,
animal-element-3-14-01.svg,animal-element-3,
animal-element-3-15-01.svg,animal-element-3,
animal-element-3-16-01.svg,animal-element-3,
animal-element-3-17-01.svg,animal-element-3,
animal-element-3-18-01.svg,animal-element-3,
animal-element-3-19-01.svg,animal-element-3,
animal-element-3-20-01.svg,animal-element-3,
animal-element-3-21-01.svg,animal-element-3,
animal-element-3-22-01.svg,animal-element-3,
animal-element-3-23-01.svg,animal-element-3,
animal-element-3-24-01.svg,animal-element-3,
animal-element-3-25-01.svg,animal-element-3,
animal-element-3-26-01.svg,animal-element-3,
animal-element-3-27-01.svg,animal-element-3,
animal-element-3-28-01.svg,animal-element-3,
animal-element-3-29-01.svg,animal-element-3,
animal-element-3-30-01.svg,animal-element-3,
animal-element-3-31-01.svg,animal-element-3,
animal-element-3-32-01.svg,animal-element-3,
animal-element-3-33-01.svg,animal-element-3,
animal-element-3-34-01.svg,animal-element-3,
animal-element-3-35-01.svg,animal-element-3,
animal-element-3-36-01.svg,animal-element-3,
animal-element-3-37-01.svg,animal-element-3,
animal-element-3-38-01.svg,animal-element-3,
animal-element-3-39-01.svg,animal-element-3,
animal-element-3-40-01.svg,animal-element-3,
animal-element-4-01-01.svg,animal-element-4,
animal-element-4-02-01.svg,animal-element-4,
animal-element-4-03-01.svg,animal-element-4,
animal-element-4-04-01.svg,animal-element-4,
animal-element-4-05-01.svg,animal-element-4,
animal-element-4-06-01.svg,animal-element-4,
animal-element-4-07-01.svg,animal-element-4,
animal-element-4-08-01.svg,animal-element-4,
animal-element-4-09-01.svg,animal-element-4,
animal-element-4-10-01.svg,animal-element-4,
animal-element-4-11-01.svg,animal-element-4,
animal-element-4-12-01.svg,animal-element-4,
animal-element-4-13-01.svg,animal-element-4,
animal-element-4-14-01.svg,animal-element-4,
animal-element-4-15-01.svg,animal-element-4,
animal-element-4-16-01.svg,animal-element-4,
animal-element-4-17-01.svg,animal-element-4,
animal-element-4-18-01.svg,animal-element-4,
animal-element-4-19-01.svg,animal-element-4,
animal-element-4-20-01.svg,animal-element-4,
animal-element-4-21-01.svg,animal-element-4,
animal-element-4-22-01.svg,animal-element-4,
animal-element-4-23-01.svg,animal-element-4,
animal-element-4-24-01.svg,animal-element-4,
animal-element-4-25-01.svg,animal-element-4,
animal-element-4-26-01.svg,animal-element-4,
animal-element-4-27-01.svg,animal-element-4,
animal-element-4-28-01.svg,animal-element-4,
animal-element-4-29-01.svg,animal-element-4,
animal-element-4-30-01.svg,animal-element-4,
animal-element-4-31-01.svg,animal-element-4,
animal-element-4-32-01.svg,animal-element-4,
animal-element-4-33-01.svg,animal-element-4,
animal-element-4-34-01.svg,animal-element-4,
animal-element-4-35-01.svg,animal-element-4,
animal-element-4-36-01.svg,animal-element-4,
animal-element-4-37-01.svg,animal-element-4,
animal-element-4-38-01.svg,animal-element-4,
animal-element-4-39-01.svg,animal-element-4,
animal-element-4-40-01.svg,animal-element-4,
animal-element-4-41-01.svg,animal-element-4,
animal-element-4-42-01.svg,animal-element-4,
animal-element-4-43-01.svg,animal-element-4,
animal-element-5-01-01.svg,animal-element-5,
animal-element-5-02-01.svg,animal-element-5,
animal-element-5-03-01.svg,animal-element-5,
animal-element-5-04-01.svg,animal-element-5,
animal-element-5-05-01.svg,animal-element-5,
animal-element-5-06-01.svg,animal-element-5,
animal-element-5-07-01.svg,animal-element-5,
animal-element-5-08-01.svg,animal-element-5,
animal-element-5-09-01.svg,animal-element-5,
animal-element-5-10-01.svg,animal-element-5,
animal-element-5-11-01.svg,animal-element-5,
animal-element-5-12-01.svg,animal-element-5,
animal-element-5-13-01.svg,animal-element-5,
animal-element-5-14-01.svg,animal-element-5,
animal-element-5-15-01.svg,animal-element-5,
animal-element-5-16-01.svg,animal-element-5,
animal-element-5-17-01.svg,animal-element-5,
animal-element-5-18-01.svg,animal-element-5,
animal-element-5-19-01.svg,animal-element-5,
animal-element-5-20-01.svg,animal-element-5,
animal-element-5-21-01.svg,animal-element-5,
animal-element-5-22-01.svg,animal-element-5,
animal-element-5-23-01.svg,animal-element-5,
animal-element-5-24-01.svg,animal-element-5,
animal-element-5-25-01.svg,animal-element-5,
animal-element-5-26-01.svg,animal-element-5,
animal-element-5-27-01.svg,animal-element-5,
animal-element-5-28-01.svg,animal-element-5,
animal-element-5-29-01.svg,animal-element-5,
animal-element-5-30-01.svg,animal-element-5,
animal-element-5-31-01.svg,animal-element-5,
animal-element-6-01-01.svg,animal-element-6,
animal-element-6-02-01.svg,animal-element-6,
animal-element-6-03-01.svg,animal-element-6,
animal-element-6-04-01.svg,animal-element-6,
animal-element-6-05-01.svg,animal-element-6,
animal-element-6-06-01.svg,animal-element-6,
animal-element-6-07-01.svg,animal-element-6,
animal-element-6-08-01.svg,animal-element-6,
animal-element-6-09-01.svg,animal-element-6,
animal-element-6-10-01.svg,animal-element-6,
animal-element-6-11-01.svg,animal-element-6,
animal-element-6-12-01.svg,animal-element-6,
animal-element-6-13-01.svg,animal-element-6,
animal-element-6-14-01.svg,animal-element-6,
animal-element-6-15-01.svg,animal-element-6,
animal-element-6-16-01.svg,animal-element-6,
animal-element-6-17-01.svg,animal-element-6,
animal-element-6-18-01.svg,animal-element-6,
animal-element-6-19-01.svg,animal-element-6,
animal-element-6-20-01.svg,animal-element-6,
animal-element-6-21-01.svg,animal-element-6,
animal-element-6-22-01.svg,animal-element-6,
animal-element-6-23-01.svg,animal-element-6,
animal-element-6-24-01.svg,animal-element-6,
animal-element-7-01-01.svg,animal-element-7,
animal-element-7-02-01.svg,animal-element-7,
animal-element-7-03-01.svg,animal-element-7,
animal-element-7-04-01.svg,animal-element-7,
animal-element-7-05-01.svg,animal-element-7,
animal-element-7-06-01.svg,animal-element-7,
animal-element-7-07-01.svg,animal-element-7,
animal-element-7-08-01.svg,animal-element-7,
animal-element-7-09-01.svg,animal-element-7,
animal-element-7-10-01.svg,animal-element-7,
animal-element-7-11-01.svg,animal-element-7,
animal-element-7-12-01.svg,animal-element-7,
animal-element-7-13-01.svg,animal-element-7,
animal-element-7-14-01.svg,animal-element-7,
animal-element-7-15-01.svg,animal-element-7,
animal-element-7-16-01.svg,animal-element-7,
animal-element-7-17-01.svg,animal-element-7,
animal-element-7-18-01.svg,animal-element-7,
animal-element-7-19-01.svg,animal-element-7,
animal-element-7-20-01.svg,animal-element-7,
animal-element-7-21-01.svg,animal-element-7,
animal-element-7-22-01.svg,animal-element-7,
animal-element-8-01-01.svg,animal-element-8,
animal-element-8-02-01.svg,animal-element-8,
animal-element-8-03-01.svg,animal-element-8,
animal-element-8-04-01.svg,animal-element-8,
animal-element-8-05-01.svg,animal-element-8,
animal-element-8-06-01.svg,animal-element-8,
animal-element-8-07-01.svg,animal-element-8,
animal-element-8-08-01.svg,animal-element-8,
animal-element-8-09-01.svg,animal-element-8,
animal-element-8-10-01.svg,animal-element-8,
animal-element-8-11-01.svg,animal-element-8,
animal-element-8-12-01.svg,animal-element-8,
animal-element-8-13-01.svg,animal-element-8,
animal-element-8-14-01.svg,animal-element-8,
animal-element-8-15-01.svg,animal-element-8,
animal-element-8-16-01.svg,animal-element-8,
animal-element-8-17-01.svg,animal-element-8,
animal-element-8-18-01.svg,animal-element-8,
animal-element-8-19-01.svg,animal-element-8,
animal-element-8-20-01.svg,animal-element-8,
animal-element-8-21-01.svg,animal-element-8,
animal-element-8-22-01.svg,animal-element-8,
animal-element-8-23-01.svg,animal-element-8,
animal-element-8-24-01.svg,animal-element-8,
animal-element-8-25-01.svg,animal-element-8,
animal-element-8-26-01.svg,animal-element-8,
animal-element-8-27-01.svg,animal-element-8,
animal-element-8-28-01.svg,animal-element-8,
animal-element-8-29-01.svg,animal-element-8,
animal-element-8-30-01.svg,animal-element-8,
animal-element-8-31-01.svg,animal-element-8,
animal-element-8-32-01.svg,animal-element-8,
animal-element-8-33-01.svg,animal-element-8,
animal-element-8-34-01.svg,animal-element-8,
animal-element-8-35-01.svg,animal-element-8,
animal-element-8-36-01.svg,animal-element-8,
animal-element-8-37-01.svg,animal-element-8,
animal-element-8-38-01.svg,animal-element-8,
animal-element-9-01-01.svg,animal-element-9,
animal-element-9-02-01.svg,animal-element-9,
animal-element-9-03-01.svg,animal-element-9,
animal-element-9-04-01.svg,animal-element-9,
animal-element-9-05-01.svg,animal-element-9,
animal-element-9-06-01.svg,animal-element-9,
animal-element-9-07-01.svg,animal-element-9,
animal-element-9-08-01.svg,animal-element-9,
animal-element-9-09-01.svg,animal-element-9,
animal-element-9-10-01.svg,animal-element-9,
animal-element-9-11-01.svg,animal-element-9,
animal-element-9-12-01.svg,animal-element-9,
animal-element-9-13-01.svg,animal-element-9,
animal-element-9-14-01.svg,animal-element-9,
animal-element-9-15-01.svg,animal-element-9,
animal-element-9-16-01.svg,animal-element-9,
animal-element-9-17-01.svg,animal-element-9,
animal-element-9-18-01.svg,animal-element-9,
animal-element-9-19-01.svg,animal-element-9,
animal-element-9-20-01.svg,animal-element-9,
animal-element-9-21-01.svg,animal-element-9,
animal-element-9-22-01.svg,animal-element-9,
animal-element-9-23-01.svg,animal-element-9,
animal-element-9-24-01.svg,animal-element-9,
animal-element-9-25-01.svg,animal-element-9,
animal-element-9-26-01.svg,animal-element-9,
animal-element-9-27-01.svg,animal-element-9,
animal-element-9-28-01.svg,animal-element-9,
animal-element-9-29-01.svg,animal-element-9,
animal-element-9-30-01.svg,animal-element-9,
animal-element-9-31-01.svg,animal-element-9,
animal-element-9-32-01.svg,animal-element-9,
animal-element-9-33-01.svg,animal-element-9,
animal-element-9-34-01.svg,animal-element-9,
animal-element-9-35-01.svg,animal-element-9,
animal-element-9-36-01.svg,animal-element-9,
animal-element-9-37-01.svg,animal-element-9,
animal-element-10-01-01.svg,animal-element-10,
animal-element-10-02-01.svg,animal-element-10,
animal-element-10-03-01.svg,animal-element-10,
animal-element-10-04-01.svg,animal-element-10,
animal-element-10-05-01.svg,animal-element-10,
animal-element-10-06-01.svg,animal-element-10,
animal-element-10-07-01.svg,animal-element-10,
animal-element-10-08-01.svg,animal-element-10,
animal-element-10-09-01.svg,animal-element-10,
animal-element-10-10-01.svg,animal-element-10,
animal-element-10-11-01.svg,animal-element-10,
animal-element-10-12-01.svg,animal-element-10,
animal-element-10-13-01.svg,animal-element-10,
animal-element-10-14-01.svg,animal-element-10,
animal-element-10-15-01.svg,animal-element-10,
animal-element-10-16-01.svg,animal-element-10,
animal-element-10-17-01.svg,animal-element-10,
animal-element-10-18-01.svg,animal-element-10,
animal-element-10-19-01.svg,animal-element-10,
animal-element-10-20-01.svg,animal-element-10,
animal-element-10-21-01.svg,animal-element-10,
animal-element-10-22-01.svg,animal-element-10,
animal-element-10-23-01.svg,animal-element-10,
animal-element-10-24-01.svg,animal-element-10,
movie-abstract-1-01-01.svg,movie-abstract-1,
movie-abstract-1-02-01.svg,movie-abstract-1,
movie-abstract-2-01-01.svg,movie-abstract-2,
movie-abstract-2-02-01.svg,movie-abstract-2,
movie-abstract-2-03-01.svg,movie-abstract-2,
movie-abstract-2-04-01.svg,movie-abstract-2,
movie-abstract-2-05-01.svg,movie-abstract-2,
movie-abstract-2-06-01.svg,movie-abstract-2,
movie-abstract-2-07-01.svg,movie-abstract-2,
movie-abstract-2-08-01.svg,movie-abstract-2,
movie-abstract-2-09-01.svg,movie-abstract-2,
movie-abstract-2-10-01.svg,movie-abstract-2,
movie-abstract-2-11-01.svg,movie-abstract-2,
movie-abstract-3-01-01.svg,movie-abstract-3,
movie-abstract-3-02-01.svg,movie-abstract-3,
movie-abstract-3-03-01.svg,movie-abstract-3,
movie-abstract-3-04-01.svg,movie-abstract-3,
movie-abstract-3-05-01.svg,movie-abstract-3,
movie-abstract-4-01-01.svg,movie-abstract-4,
movie-abstract-4-02-01.svg,movie-abstract-4,
movie-abstract-5-01-01.svg,movie-abstract-5,
movie-abstract-5-02-01.svg,movie-abstract-5,
movie-abstract-5-03-01.svg,movie-abstract-5,
movie-abstract-5-04-01.svg,movie-abstract-5,
movie-abstract-5-05-01.svg,movie-abstract-5,
movie-abstract-5-06-01.svg,movie-abstract-5,
movie-abstract-5-07-01.svg,movie-abstract-5,
movie-abstract-5-08-01.svg,movie-abstract-5,
movie-abstract-5-09-01.svg,movie-abstract-5,
movie-abstract-5-10-01.svg,movie-abstract-5,
movie-abstract-5-11-01.svg,movie-abstract-5,
movie-abstract-5-12-01.svg,movie-abstract-5,
movie-abstract-5-13-01.svg,movie-abstract-5,
movie-abstract-5-14-01.svg,movie-abstract-5,
movie-abstract-5-15-01.svg,movie-abstract-5,
movie-abstract-6-01-01.svg,movie-abstract-6,
movie-abstract-6-02-01.svg,movie-abstract-6,
movie-abstract-6-03-01.svg,movie-abstract-6,
movie-abstract-7-01-01.svg,movie-abstract-7,
movie-abstract-7-02-01.svg,movie-abstract-7,
movie-abstract-7-03-01.svg,movie-abstract-7,
movie-abstract-10-01-01.svg,movie-abstract-10,
movie-abstract-10-02-01.svg,movie-abstract-10,
movie-abstract-10-03-01.svg,movie-abstract-10,
movie-abstract-10-04-01.svg,movie-abstract-10,
movie-abstract-10-05-01.svg,movie-abstract-10,
movie-abstract-10-06-01.svg,movie-abstract-10,
movie-abstract-10-07-01.svg,movie-abstract-10,
movie-abstract-10-08-01.svg,movie-abstract-10,
movie-abstract-10-09-01.svg,movie-abstract-10,
movie-abstract-10-10-01.svg,movie-abstract-10,
movie-abstract-10-11-01.svg,movie-abstract-10,
movie-abstract-11-01-01.svg,movie-abstract-11,
movie-abstract-11-02-01.svg,movie-abstract-11,
movie-abstract-11-03-01.svg,movie-abstract-11,
movie-abstract-12-01-01.svg,movie-abstract-12,
movie-abstract-12-02-01.svg,movie-abstract-12,
movie-abstract-12-03-01.svg,movie-abstract-12,
movie-abstract-12-04-01.svg,movie-abstract-12,
movie-abstract-12-05-01.svg,movie-abstract-12,
movie-abstract-12-06-01.svg,movie-abstract-12,
movie-abstract-12-07-01.svg,movie-abstract-12,
movie-abstract-12-08-01.svg,movie-abstract-12,
movie-abstract-13-01-01.svg,movie-abstract-13,
movie-abstract-13-02-01.svg,movie-abstract-13,
movie-abstract-13-03-01.svg,movie-abstract-13,
movie-abstract-14-01-01.svg,movie-abstract-14,
movie-abstract-15-01-01.svg,movie-abstract-15,
movie-abstract-17-01-01.svg,movie-abstract-17,
movie-abstract-18-01-01.svg,movie-abstract-18,
movie-abstract-18-02-01.svg,movie-abstract-18,
movie-abstract-18-03-01.svg,movie-abstract-18,
movie-abstract-18-04-01.svg,movie-abstract-18,
movie-abstract-19-01-01.svg,movie-abstract-19,
movie-abstract-20-01-01.svg,movie-abstract-20,
movie-abstract-20-02-01.svg,movie-abstract-20,
movie-abstract-20-03-01.svg,movie-abstract-20,
movie-abstract-20-04-01.svg,movie-abstract-20,
movie-abstract-20-05-01.svg,movie-abstract-20,
movie-abstract-20-06-01.svg,movie-abstract-20,
movie-abstract-20-07-01.svg,movie-abstract-20,
movie-abstract-20-08-01.svg,movie-abstract-20,
movie-abstract-20-09-01.svg,movie-abstract-20,
movie-abstract-20-10-01.svg,movie-abstract-20,
movie-abstract-20-11-01.svg,movie-abstract-20,
movie-abstract-20-12-01.svg,movie-abstract-20,
movie-abstract-21-01-01.svg,movie-abstract-21,
movie-abstract-22-01-01.svg,movie-abstract-22,
movie-abstract-23-01-01.svg,movie-abstract-23,
movie-abstract-24-01-01.svg,movie-abstract-24,
movie-abstract-24-02-01.svg,movie-abstract-24,
movie-abstract-24-03-01.svg,movie-abstract-24,
movie-abstract-25-01-01.svg,movie-abstract-25,
movie-abstract-25-02-01.svg,movie-abstract-25,
movie-abstract-25-03-01.svg,movie-abstract-25,
movie-abstract-26-01-01.svg,movie-abstract-26,
movie-abstract-27-01-01.svg,movie-abstract-27,
movie-abstract-27-02-01.svg,movie-abstract-27,
movie-abstract-27-03-01.svg,movie-abstract-27,
movie-abstract-27-04-01.svg,movie-abstract-27,
movie-abstract-27-05-01.svg,movie-abstract-27,
movie-abstract-27-06-01.svg,movie-abstract-27,
movie-abstract-27-07-01.svg,movie-abstract-27,
movie-abstract-27-08-01.svg,movie-abstract-27,
movie-abstract-27-09-01.svg,movie-abstract-27,
movie-abstract-27-10-01.svg,movie-abstract-27,
movie-abstract-27-11-01.svg,movie-abstract-27,
movie-abstract-27-12-01.svg,movie-abstract-27,
movie-abstract-27-13-01.svg,movie-abstract-27,
movie-abstract-27-14-01.svg,movie-abstract-27,
movie-abstract-27-15-01.svg,movie-abstract-27,
movie-abstract-27-16-01.svg,movie-abstract-27,
movie-abstract-27-17-01.svg,movie-abstract-27,
movie-abstract-27-18-01.svg,movie-abstract-27,
movie-abstract-28-01-01.svg,movie-abstract-28,
movie-abstract-29-01-01.svg,movie-abstract-29,
movie-abstract-29-02-01.svg,movie-abstract-29,
movie-abstract-29-03-01.svg,movie-abstract-29,
movie-abstract-29-04-01.svg,movie-abstract-29,
movie-abstract-29-05-01.svg,movie-abstract-29,
movie-abstract-29-06-01.svg,movie-abstract-29,
movie-abstract-29-07-01.svg,movie-abstract-29,
movie-abstract-29-08-01.svg,movie-abstract-29,
movie-abstract-29-09-01.svg,movie-abstract-29,
movie-abstract-29-10-01.svg,movie-abstract-29,
movie-abstract-29-11-01.svg,movie-abstract-29,
movie-abstract-29-12-01.svg,movie-abstract-29,
movie-abstract-29-13-01.svg,movie-abstract-29,
movie-abstract-29-14-01.svg,movie-abstract-29,
movie-abstract-29-15-01.svg,movie-abstract-29,
movie-abstract-29-16-01.svg,movie-abstract-29,
movie-abstract-29-17-01.svg,movie-abstract-29,
movie-abstract-29-18-01.svg,movie-abstract-29,
movie-abstract-29-19-01.svg,movie-abstract-29,
movie-abstract-29-20-01.svg,movie-abstract-29,
movie-abstract-29-21-01.svg,movie-abstract-29,
movie-abstract-29-22-01.svg,movie-abstract-29,
movie-abstract-29-23-01.svg,movie-abstract-29,
movie-abstract-29-24-01.svg,movie-abstract-29,
movie-abstract-29-25-01.svg,movie-abstract-29,
movie-abstract-29-26-01.svg,movie-abstract-29,
movie-abstract-29-27-01.svg,movie-abstract-29,
movie-abstract-29-28-01.svg,movie-abstract-29,
movie-abstract-29-29-01.svg,movie-abstract-29,
movie-abstract-29-30-01.svg,movie-abstract-29,
movie-abstract-29-31-01.svg,movie-abstract-29,
movie-abstract-29-32-01.svg,movie-abstract-29,
movie-abstract-29-33-01.svg,movie-abstract-29,
movie-abstract-29-34-01.svg,movie-abstract-29,
movie-abstract-29-35-01.svg,movie-abstract-29,
movie-abstract-29-36-01.svg,movie-abstract-29,
movie-abstract-29-37-01.svg,movie-abstract-29,
movie-abstract-29-38-01.svg,movie-abstract-29,
movie-abstract-29-39-01.svg,movie-abstract-29,
movie-abstract-29-40-01.svg,movie-abstract-29,
movie-abstract-29-41-01.svg,movie-abstract-29,
movie-abstract-29-42-01.svg,movie-abstract-29,
movie-abstract-29-43-01.svg,movie-abstract-29,
movie-abstract-29-44-01.svg,movie-abstract-29,
movie-abstract-29-45-01.svg,movie-abstract-29,
movie-abstract-29-46-01.svg,movie-abstract-29,
movie-abstract-29-47-01.svg,movie-abstract-29,
movie-abstract-29-48-01.svg,movie-abstract-29,
movie-abstract-29-49-01.svg,movie-abstract-29,
movie-abstract-29-50-01.svg,movie-abstract-29,
movie-abstract-29-51-01.svg,movie-abstract-29,
movie-abstract-29-52-01.svg,movie-abstract-29,
movie-abstract-29-53-01.svg,movie-abstract-29,
movie-abstract-29-54-01.svg,movie-abstract-29,
movie-abstract-29-55-01.svg,movie-abstract-29,
movie-abstract-29-56-01.svg,movie-abstract-29,
movie-abstract-29-57-01.svg,movie-abstract-29,
movie-abstract-29-58-01.svg,movie-abstract-29,
movie-abstract-29-59-01.svg,movie-abstract-29,
movie-abstract-29-60-01.svg,movie-abstract-29,
movie-abstract-29-61-01.svg,movie-abstract-29,
movie-abstract-29-62-01.svg,movie-abstract-29,
movie-abstract-29-63-01.svg,movie-abstract-29,
movie-abstract-29-64-01.svg,movie-abstract-29,
movie-abstract-29-65-01.svg,movie-abstract-29,
movie-abstract-29-66-01.svg,movie-abstract-29,
movie-abstract-29-67-01.svg,movie-abstract-29,
movie-abstract-29-68-01.svg,movie-abstract-29,
movie-abstract-29-69-01.svg,movie-abstract-29,
movie-abstract-29-70-01.svg,movie-abstract-29,
movie-abstract-29-71-01.svg,movie-abstract-29,
movie-abstract-29-72-01.svg,movie-abstract-29,
movie-abstract-29-73-01.svg,movie-abstract-29,
movie-abstract-29-74-01.svg,movie-abstract-29,
movie-abstract-29-75-01.svg,movie-abstract-29,
movie-abstract-29-76-01.svg,movie-abstract-29,
movie-abstract-29-77-01.svg,movie-abstract-29,
movie-abstract-29-78-01.svg,movie-abstract-29,
movie-abstract-29-79-01.svg,movie-abstract-29,
movie-abstract-29-80-01.svg,movie-abstract-29,
movie-abstract-29-81-01.svg,movie-abstract-29,
movie-abstract-29-82-01.svg,movie-abstract-29,
movie-abstract-29-83-01.svg,movie-abstract-29,
movie-abstract-29-84-01.svg,movie-abstract-29,
movie-abstract-29-85-01.svg,movie-abstract-29,
movie-abstract-29-86-01.svg,movie-abstract-29,
movie-abstract-29-87-01.svg,movie-abstract-29,
movie-abstract-29-88-01.svg,movie-abstract-29,
movie-abstract-29-89-01.svg,movie-abstract-29,
movie-abstract-29-90-01.svg,movie-abstract-29,
movie-abstract-29-91-01.svg,movie-abstract-29,
movie-abstract-29-92-01.svg,movie-abstract-29,
movie-abstract-29-93-01.svg,movie-abstract-29,
movie-abstract-29-94-01.svg,movie-abstract-29,
movie-abstract-29-95-01.svg,movie-abstract-29,
movie-abstract-29-96-01.svg,movie-abstract-29,
movie-abstract-29-97-01.svg,movie-abstract-29,
movie-abstract-29-98-01.svg,movie-abstract-29,
movie-abstract-29-99-01.svg,movie-abstract-29,
movie-abstract-29-100-01.svg,movie-abstract-29-100-01,
movie-abstract-29-101-01.svg,movie-abstract-29-101-01,
movie-abstract-29-102-01.svg,movie-abstract-29-102-01,
movie-abstract-29-103-01.svg,movie-abstract-29-103-01,
movie-abstract-29-104-01.svg,movie-abstract-29-104-01,
movie-abstract-29-105-01.svg,movie-abstract-29-105-01,
movie-abstract-29-106-01.svg,movie-abstract-29-106-01,
movie-abstract-29-107-01.svg,movie-abstract-29-107-01,
movie-abstract-29-108-01.svg,movie-abstract-29-108-01,
movie-abstract-29-109-01.svg,movie-abstract-29-109-01,
movie-abstract-29-110-01.svg,movie-abstract-29-110-01,
movie-abstract-29-111-01.svg,movie-abstract-29-111-01,
movie-abstract-29-112-01.svg,movie-abstract-29-112-01,
movie-abstract-29-113-01.svg,movie-abstract-29-113-01,
movie-abstract-29-114-01.svg,movie-abstract-29-114-01,
movie-abstract-29-115-01.svg,movie-abstract-29-115-01,
movie-abstract-29-116-01.svg,movie-abstract-29-116-01,
movie-abstract-29-117-01.svg,movie-abstract-29-117-01,
movie-abstract-29-118-01.svg,movie-abstract-29-118-01,
movie-abstract-29-119-01.svg,movie-abstract-29-119-01,
movie-abstract-29-120-01.svg,movie-abstract-29-120-01,
movie-abstract-29-121-01.svg,movie-abstract-29-121-01,
movie-abstract-29-122-01.svg,movie-abstract-29-122-01,
movie-abstract-29-123-01.svg,movie-abstract-29-123-01,
movie-abstract-29-124-01.svg,movie-abstract-29-124-01,
movie-abstract-29-125-01.svg,movie-abstract-29-125-01,
movie-abstract-29-126-01.svg,movie-abstract-29-126-01,
movie-abstract-29-127-01.svg,movie-abstract-29-127-01,
movie-abstract-29-128-01.svg,movie-abstract-29-128-01,
movie-abstract-29-129-01.svg,movie-abstract-29-129-01,
movie-abstract-29-130-01.svg,movie-abstract-29-130-01,
movie-abstract-29-131-01.svg,movie-abstract-29-131-01,
movie-abstract-29-132-01.svg,movie-abstract-29-132-01,
movie-abstract-29-133-01.svg,movie-abstract-29-133-01,
movie-abstract-29-134-01.svg,movie-abstract-29-134-01,
movie-abstract-29-135-01.svg,movie-abstract-29-135-01,
movie-abstract-29-136-01.svg,movie-abstract-29-136-01,
movie-abstract-29-137-01.svg,movie-abstract-29-137-01,
movie-abstract-29-138-01.svg,movie-abstract-29-138-01,
movie-abstract-30-01-01.svg,movie-abstract-30,
movie-abstract-30-02-01.svg,movie-abstract-30,
movie-abstract-30-03-01.svg,movie-abstract-30,
movie-abstract-30-04-01.svg,movie-abstract-30,
movie-abstract-30-05-01.svg,movie-abstract-30,
movie-abstract-30-06-01.svg,movie-abstract-30,
movie-abstract-30-07-01.svg,movie-abstract-30,
movie-abstract-30-08-01.svg,movie-abstract-30,
movie-abstract-31-01-01.svg,movie-abstract-31,
movie-abstract-31-02-01.svg,movie-abstract-31,
movie-abstract-31-03-01.svg,movie-abstract-31,
movie-abstract-31-04-01.svg,movie-abstract-31,
movie-abstract-31-05-01.svg,movie-abstract-31,
movie-abstract-31-06-01.svg,movie-abstract-31,
movie-abstract-31-07-01.svg,movie-abstract-31,
movie-abstract-31-08-01.svg,movie-abstract-31,
movie-abstract-31-09-01.svg,movie-abstract-31,
movie-abstract-31-10-01.svg,movie-abstract-31,
movie-abstract-31-11-01.svg,movie-abstract-31,
movie-abstract-31-12-01.svg,movie-abstract-31,
movie-abstract-31-13-01.svg,movie-abstract-31,
movie-abstract-31-14-01.svg,movie-abstract-31,
movie-abstract-31-15-01.svg,movie-abstract-31,
movie-abstract-31-16-01.svg,movie-abstract-31,
movie-abstract-31-17-01.svg,movie-abstract-31,
movie-abstract-31-18-01.svg,movie-abstract-31,
movie-abstract-31-19-01.svg,movie-abstract-31,
movie-abstract-31-20-01.svg,movie-abstract-31,
movie-abstract-31-21-01.svg,movie-abstract-31,
movie-abstract-31-22-01.svg,movie-abstract-31,
movie-abstract-31-23-01.svg,movie-abstract-31,
movie-abstract-31-24-01.svg,movie-abstract-31,
movie-abstract-31-25-01.svg,movie-abstract-31,
movie-abstract-31-26-01.svg,movie-abstract-31,
movie-abstract-31-27-01.svg,movie-abstract-31,
movie-abstract-31-28-01.svg,movie-abstract-31,
movie-abstract-31-29-01.svg,movie-abstract-31,
movie-abstract-31-30-01.svg,movie-abstract-31,
movie-abstract-31-31-01.svg,movie-abstract-31,
movie-abstract-31-32-01.svg,movie-abstract-31,
movie-abstract-31-33-01.svg,movie-abstract-31,
movie-abstract-31-34-01.svg,movie-abstract-31,
movie-abstract-31-35-01.svg,movie-abstract-31,
movie-abstract-31-36-01.svg,movie-abstract-31,
movie-abstract-31-37-01.svg,movie-abstract-31,
movie-abstract-31-38-01.svg,movie-abstract-31,
movie-abstract-31-39-01.svg,movie-abstract-31,
movie-abstract-32-01-01.svg,movie-abstract-32,
movie-abstract-32-02-01.svg,movie-abstract-32,
movie-abstract-32-03-01.svg,movie-abstract-32,
movie-abstract-32-04-01.svg,movie-abstract-32,
movie-abstract-32-05-01.svg,movie-abstract-32,
movie-abstract-32-06-01.svg,movie-abstract-32,
movie-abstract-32-07-01.svg,movie-abstract-32,
movie-abstract-32-08-01.svg,movie-abstract-32,
movie-abstract-32-09-01.svg,movie-abstract-32,
movie-abstract-32-10-01.svg,movie-abstract-32,
movie-abstract-33-01-01.svg,movie-abstract-33,
movie-abstract-33-02-01.svg,movie-abstract-33,
movie-abstract-33-03-01.svg,movie-abstract-33,
movie-abstract-33-04-01.svg,movie-abstract-33,
movie-abstract-33-05-01.svg,movie-abstract-33,
movie-abstract-35-01-01.svg,movie-abstract-35,
movie-abstract-35-02-01.svg,movie-abstract-35,
movie-abstract-35-03-01.svg,movie-abstract-35,
movie-abstract-35-04-01.svg,movie-abstract-35,
movie-abstract-36-01-01.svg,movie-abstract-36,
movie-abstract-36-02-01.svg,movie-abstract-36,
movie-abstract-36-03-01.svg,movie-abstract-36,
movie-abstract-36-04-01.svg,movie-abstract-36,
movie-abstract-36-05-01.svg,movie-abstract-36,
movie-abstract-36-06-01.svg,movie-abstract-36,
movie-abstract-36-07-01.svg,movie-abstract-36,
movie-abstract-36-08-01.svg,movie-abstract-36,
movie-abstract-36-09-01.svg,movie-abstract-36,
movie-abstract-36-10-01.svg,movie-abstract-36,
movie-abstract-36-11-01.svg,movie-abstract-36,
movie-abstract-36-12-01.svg,movie-abstract-36,
movie-abstract-36-13-01.svg,movie-abstract-36,
movie-abstract-36-14-01.svg,movie-abstract-36,
movie-abstract-36-15-01.svg,movie-abstract-36,
movie-abstract-36-16-01.svg,movie-abstract-36,
movie-abstract-36-17-01.svg,movie-abstract-36,
movie-abstract-36-18-01.svg,movie-abstract-36,
movie-abstract-36-19-01.svg,movie-abstract-36,
movie-abstract-36-20-01.svg,movie-abstract-36,
movie-abstract-36-21-01.svg,movie-abstract-36,
movie-abstract-36-22-01.svg,movie-abstract-36,
movie-abstract-36-23-01.svg,movie-abstract-36,
movie-abstract-36-24-01.svg,movie-abstract-36,
movie-abstract-36-25-01.svg,movie-abstract-36,
movie-abstract-36-26-01.svg,movie-abstract-36,
movie-abstract-36-27-01.svg,movie-abstract-36,
movie-abstract-36-28-01.svg,movie-abstract-36,
movie-abstract-36-29-01.svg,movie-abstract-36,
movie-abstract-36-30-01.svg,movie-abstract-36,
movie-abstract-36-31-01.svg,movie-abstract-36,
movie-abstract-36-32-01.svg,movie-abstract-36,
movie-abstract-36-33-01.svg,movie-abstract-36,
movie-abstract-36-34-01.svg,movie-abstract-36,
movie-abstract-36-35-01.svg,movie-abstract-36,
movie-abstract-36-36-01.svg,movie-abstract-36,
movie-abstract-36-37-01.svg,movie-abstract-36,
movie-abstract-36-38-01.svg,movie-abstract-36,
movie-abstract-37-01-01.svg,movie-abstract-37,
movie-abstract-37-02-01.svg,movie-abstract-37,
movie-abstract-37-03-01.svg,movie-abstract-37,
movie-abstract-37-04-01.svg,movie-abstract-37,
movie-abstract-37-05-01.svg,movie-abstract-37,
movie-abstract-37-06-01.svg,movie-abstract-37,
movie-abstract-37-07-01.svg,movie-abstract-37,
movie-abstract-37-08-01.svg,movie-abstract-37,
movie-abstract-37-09-01.svg,movie-abstract-37,
movie-abstract-37-10-01.svg,movie-abstract-37,
movie-abstract-37-11-01.svg,movie-abstract-37,
movie-abstract-37-12-01.svg,movie-abstract-37,
movie-abstract-37-13-01.svg,movie-abstract-37,
movie-abstract-37-14-01.svg,movie-abstract-37,
movie-abstract-37-15-01.svg,movie-abstract-37,
movie-abstract-37-16-01.svg,movie-abstract-37,
movie-abstract-38-01-01.svg,movie-abstract-38,
movie-abstract-39-01-01.svg,movie-abstract-39,
movie-abstract-39-02-01.svg,movie-abstract-39,
movie-abstract-39-03-01.svg,movie-abstract-39,
movie-abstract-39-04-01.svg,movie-abstract-39,
movie-abstract-39-05-01.svg,movie-abstract-39,
movie-abstract-40-01-01.svg,movie-abstract-40,
movie-abstract-40-02-01.svg,movie-abstract-40,
movie-abstract-40-03-01.svg,movie-abstract-40,
movie-abstract-40-04-01.svg,movie-abstract-40,
movie-abstract-41-01-01.svg,movie-abstract-41,
movie-abstract-42-01-01.svg,movie-abstract-42,
movie-abstract-42-02-01.svg,movie-abstract-42,
movie-abstract-42-03-01.svg,movie-abstract-42,
movie-abstract-42-04-01.svg,movie-abstract-42,
movie-abstract-43-01-01.svg,movie-abstract-43,
movie-abstract-43-02-01.svg,movie-abstract-43,
movie-abstract-43-03-01.svg,movie-abstract-43,
movie-abstract-44-01-01.svg,movie-abstract-44,
movie-abstract-45-01-01.svg,movie-abstract-45,
movie-abstract-45-02-01.svg,movie-abstract-45,
movie-abstract-46-01-01.svg,movie-abstract-46,
movie-abstract-46-02-01.svg,movie-abstract-46,
movie-abstract-46-03-01.svg,movie-abstract-46,
movie-abstract-46-04-01.svg,movie-abstract-46,
movie-abstract-46-05-01.svg,movie-abstract-46,
movie-abstract-46-06-01.svg,movie-abstract-46,
movie-abstract-47-01-01.svg,movie-abstract-47,
movie-abstract-48-01-01.svg,movie-abstract-48,
movie-abstract-48-02-01.svg,movie-abstract-48,
movie-abstract-48-03-01.svg,movie-abstract-48,
movie-abstract-48-04-01.svg,movie-abstract-48,
movie-abstract-48-05-01.svg,movie-abstract-48,
movie-abstract-48-06-01.svg,movie-abstract-48,
movie-abstract-48-07-01.svg,movie-abstract-48,
movie-abstract-49-01-01.svg,movie-abstract-49,
movie-abstract-49-02-01.svg,movie-abstract-49,
movie-abstract-50-01-01.svg,movie-abstract-50,
movie-abstract-51-01-01.svg,movie-abstract-51,
movie-abstract-51-02-01.svg,movie-abstract-51,
movie-abstract-51-03-01.svg,movie-abstract-51,
movie-abstract-51-04-01.svg,movie-abstract-51,
movie-abstract-52-01-01.svg,movie-abstract-52,
movie-abstract-52-02-01.svg,movie-abstract-52,
movie-abstract-52-03-01.svg,movie-abstract-52,
movie-abstract-52-04-01.svg,movie-abstract-52,
movie-abstract-52-05-01.svg,movie-abstract-52,
movie-abstract-52-06-01.svg,movie-abstract-52,
movie-abstract-52-07-01.svg,movie-abstract-52,
movie-abstract-52-08-01.svg,movie-abstract-52,
movie-abstract-52-09-01.svg,movie-abstract-52,
movie-abstract-52-10-01.svg,movie-abstract-52,
movie-abstract-52-11-01.svg,movie-abstract-52,
movie-abstract-52-12-01.svg,movie-abstract-52,
movie-abstract-52-13-01.svg,movie-abstract-52,
movie-abstract-52-14-01.svg,movie-abstract-52,
movie-abstract-52-15-01.svg,movie-abstract-52,
movie-abstract-53-01-01.svg,movie-abstract-53,
movie-abstract-53-02-01.svg,movie-abstract-53,
movie-abstract-53-03-01.svg,movie-abstract-53,
movie-abstract-53-04-01.svg,movie-abstract-53,
movie-abstract-53-05-01.svg,movie-abstract-53,
movie-abstract-53-06-01.svg,movie-abstract-53,
movie-abstract-53-07-01.svg,movie-abstract-53,
movie-abstract-53-08-01.svg,movie-abstract-53,
movie-abstract-53-09-01.svg,movie-abstract-53,
movie-abstract-54-01-01.svg,movie-abstract-54,
movie-abstract-55-01-01.svg,movie-abstract-55,
movie-abstract-56-01-01.svg,movie-abstract-56,
movie-abstract-58-01-01.svg,movie-abstract-58,
movie-abstract-58-02-01.svg,movie-abstract-58,
movie-abstract-58-03-01.svg,movie-abstract-58,
movie-abstract-58-04-01.svg,movie-abstract-58,
movie-abstract-58-05-01.svg,movie-abstract-58,
movie-abstract-59-01-01.svg,movie-abstract-59,
movie-abstract-59-02-01.svg,movie-abstract-59,
movie-abstract-59-03-01.svg,movie-abstract-59,
movie-abstract-59-04-01.svg,movie-abstract-59,
movie-abstract-59-05-01.svg,movie-abstract-59,
movie-abstract-59-06-01.svg,movie-abstract-59,
movie-abstract-61-01-01.svg,movie-abstract-61,
movie-abstract-61-02-01.svg,movie-abstract-61,
movie-abstract-62-01-01.svg,movie-abstract-62,
movie-abstract-62-02-01.svg,movie-abstract-62,
movie-abstract-63-01-01.svg,movie-abstract-63,
movie-abstract-63-02-01.svg,movie-abstract-63,
movie-abstract-63-03-01.svg,movie-abstract-63,
movie-abstract-63-04-01.svg,movie-abstract-63,
movie-abstract-63-05-01.svg,movie-abstract-63,
movie-abstract-63-06-01.svg,movie-abstract-63,
movie-abstract-63-07-01.svg,movie-abstract-63,
movie-abstract-64-144-01.svg,movie-abstract-64-144-01,
movie-abstract-65-01-01.svg,movie-abstract-65,
movie-abstract-65-02-01.svg,movie-abstract-65,
movie-abstract-65-03-01.svg,movie-abstract-65,
movie-abstract-66-01-01.svg,movie-abstract-66,
movie-abstract-66-02-01.svg,movie-abstract-66,
movie-abstract-66-03-01.svg,movie-abstract-66,
movie-abstract-66-04-01.svg,movie-abstract-66,
movie-abstract-66-05-01.svg,movie-abstract-66,
movie-abstract-66-06-01.svg,movie-abstract-66,
movie-abstract-66-07-01.svg,movie-abstract-66,
movie-abstract-66-08-01.svg,movie-abstract-66,
movie-abstract-66-09-01.svg,movie-abstract-66,
movie-abstract-66-10-01.svg,movie-abstract-66,
movie-abstract-66-11-01.svg,movie-abstract-66,
movie-abstract-66-12-01.svg,movie-abstract-66,
movie-abstract-66-13-01.svg,movie-abstract-66,
movie-abstract-66-14-01.svg,movie-abstract-66,
movie-abstract-66-15-01.svg,movie-abstract-66,
movie-abstract-66-16-01.svg,movie-abstract-66,
movie-abstract-66-17-01.svg,movie-abstract-66,
movie-abstract-66-18-01.svg,movie-abstract-66,
movie-abstract-66-19-01.svg,movie-abstract-66,
movie-abstract-66-20-01.svg,movie-abstract-66,
movie-abstract-66-21-01.svg,movie-abstract-66,
movie-abstract-66-22-01.svg,movie-abstract-66,
movie-abstract-67-01-01.svg,movie-abstract-67,
movie-abstract-68-01-01.svg,movie-abstract-68,
movie-abstract-68-02-01.svg,movie-abstract-68,
movie-abstract-68-03-01.svg,movie-abstract-68,
movie-abstract-68-04-01.svg,movie-abstract-68,
movie-abstract-69-01-01.svg,movie-abstract-69,
movie-abstract-69-02-01.svg,movie-abstract-69,
movie-abstract-70-01-01.svg,movie-abstract-70,
movie-abstract-70-02-01.svg,movie-abstract-70,
movie-abstract-70-03-01.svg,movie-abstract-70,
movie-abstract-70-04-01.svg,movie-abstract-70,
movie-abstract-70-05-01.svg,movie-abstract-70,
movie-abstract-70-06-01.svg,movie-abstract-70,
movie-abstract-70-07-01.svg,movie-abstract-70,
movie-abstract-70-08-01.svg,movie-abstract-70,
movie-abstract-70-09-01.svg,movie-abstract-70,
movie-abstract-70-10-01.svg,movie-abstract-70,
movie-abstract-71-01-01.svg,movie-abstract-71,
movie-abstract-71-02-01.svg,movie-abstract-71,
movie-abstract-71-03-01.svg,movie-abstract-71,
movie-abstract-71-04-01.svg,movie-abstract-71,
movie-abstract-71-05-01.svg,movie-abstract-71,
movie-abstract-71-06-01.svg,movie-abstract-71,
movie-abstract-71-07-01.svg,movie-abstract-71,
movie-abstract-71-08-01.svg,movie-abstract-71,
movie-abstract-71-09-01.svg,movie-abstract-71,
movie-abstract-71-10-01.svg,movie-abstract-71,
movie-abstract-71-11-01.svg,movie-abstract-71,
movie-abstract-71-12-01.svg,movie-abstract-71,
movie-abstract-71-13-01.svg,movie-abstract-71,
movie-abstract-71-14-01.svg,movie-abstract-71,
movie-abstract-71-15-01.svg,movie-abstract-71,
movie-abstract-71-16-01.svg,movie-abstract-71,
movie-abstract-71-17-01.svg,movie-abstract-71,
movie-abstract-71-18-01.svg,movie-abstract-71,
movie-abstract-71-19-01.svg,movie-abstract-71,
movie-abstract-71-20-01.svg,movie-abstract-71,
movie-abstract-71-21-01.svg,movie-abstract-71,
movie-abstract-71-22-01.svg,movie-abstract-71,
movie-abstract-71-23-01.svg,movie-abstract-71,
movie-abstract-71-24-01.svg,movie-abstract-71,
movie-abstract-71-25-01.svg,movie-abstract-71,
movie-abstract-71-26-01.svg,movie-abstract-71,
movie-abstract-71-27-01.svg,movie-abstract-71,
movie-abstract-71-28-01.svg,movie-abstract-71,
movie-abstract-71-29-01.svg,movie-abstract-71,
movie-abstract-71-30-01.svg,movie-abstract-71,
movie-abstract-71-31-01.svg,movie-abstract-71,
movie-abstract-71-32-01.svg,movie-abstract-71,
movie-abstract-71-33-01.svg,movie-abstract-71,
movie-abstract-71-34-01.svg,movie-abstract-71,
movie-abstract-71-35-01.svg,movie-abstract-71,
movie-abstract-71-36-01.svg,movie-abstract-71,
movie-abstract-71-37-01.svg,movie-abstract-71,
movie-abstract-71-38-01.svg,movie-abstract-71,
movie-abstract-71-39-01.svg,movie-abstract-71,
movie-abstract-71-40-01.svg,movie-abstract-71,
movie-abstract-71-41-01.svg,movie-abstract-71,
movie-abstract-71-42-01.svg,movie-abstract-71,
movie-abstract-71-43-01.svg,movie-abstract-71,
movie-abstract-71-44-01.svg,movie-abstract-71,
movie-abstract-71-45-01.svg,movie-abstract-71,
movie-abstract-71-46-01.svg,movie-abstract-71,
movie-abstract-71-47-01.svg,movie-abstract-71,
movie-abstract-71-48-01.svg,movie-abstract-71,
movie-abstract-71-49-01.svg,movie-abstract-71,
movie-abstract-71-50-01.svg,movie-abstract-71,
movie-abstract-71-51-01.svg,movie-abstract-71,
movie-abstract-71-52-01.svg,movie-abstract-71,
movie-abstract-71-53-01.svg,movie-abstract-71,
movie-abstract-71-54-01.svg,movie-abstract-71,
movie-abstract-71-55-01.svg,movie-abstract-71,
movie-abstract-71-56-01.svg,movie-abstract-71,
movie-abstract-71-57-01.svg,movie-abstract-71,
movie-abstract-71-58-01.svg,movie-abstract-71,
movie-abstract-71-59-01.svg,movie-abstract-71,
movie-abstract-71-60-01.svg,movie-abstract-71,
movie-abstract-71-61-01.svg,movie-abstract-71,
movie-abstract-71-62-01.svg,movie-abstract-71,
movie-abstract-71-63-01.svg,movie-abstract-71,
movie-abstract-71-64-01.svg,movie-abstract-71,
movie-abstract-71-65-01.svg,movie-abstract-71,
movie-abstract-72-01-01.svg,movie-abstract-72,
movie-abstract-72-02-01.svg,movie-abstract-72,
movie-abstract-72-03-01.svg,movie-abstract-72,
movie-abstract-72-04-01.svg,movie-abstract-72,
movie-abstract-72-05-01.svg,movie-abstract-72,
movie-abstract-72-06-01.svg,movie-abstract-72,
movie-abstract-73-01-01.svg,movie-abstract-73,
movie-abstract-73-02-01.svg,movie-abstract-73,
movie-abstract-73-03-01.svg,movie-abstract-73,
movie-abstract-73-04-01.svg,movie-abstract-73,
movie-abstract-73-05-01.svg,movie-abstract-73,
movie-abstract-73-06-01.svg,movie-abstract-73,
movie-abstract-73-07-01.svg,movie-abstract-73,
movie-abstract-73-08-01.svg,movie-abstract-73,
movie-abstract-73-09-01.svg,movie-abstract-73,
movie-abstract-73-10-01.svg,movie-abstract-73,
movie-abstract-74-01-01.svg,movie-abstract-74,
movie-abstract-74-02-01.svg,movie-abstract-74,
movie-abstract-74-03-01.svg,movie-abstract-74,
movie-abstract-75-01-01.svg,movie-abstract-75,
movie-abstract-75-02-01.svg,movie-abstract-75,
movie-abstract-75-03-01.svg,movie-abstract-75,
movie-abstract-75-04-01.svg,movie-abstract-75,
movie-abstract-75-05-01.svg,movie-abstract-75,
movie-abstract-75-06-01.svg,movie-abstract-75,
movie-abstract-75-07-01.svg,movie-abstract-75,
movie-abstract-75-08-01.svg,movie-abstract-75,
movie-abstract-75-09-01.svg,movie-abstract-75,
movie-abstract-75-10-01.svg,movie-abstract-75,
movie-abstract-75-11-01.svg,movie-abstract-75,
movie-abstract-75-12-01.svg,movie-abstract-75,
movie-abstract-75-13-01.svg,movie-abstract-75,
movie-abstract-75-14-01.svg,movie-abstract-75,
movie-abstract-75-15-01.svg,movie-abstract-75,
movie-abstract-75-16-01.svg,movie-abstract-75,
movie-abstract-75-17-01.svg,movie-abstract-75,
movie-abstract-75-18-01.svg,movie-abstract-75,
movie-abstract-75-19-01.svg,movie-abstract-75,
movie-abstract-75-20-01.svg,movie-abstract-75,
movie-abstract-75-21-01.svg,movie-abstract-75,
movie-abstract-75-22-01.svg,movie-abstract-75,
movie-abstract-75-23-01.svg,movie-abstract-75,
movie-abstract-75-24-01.svg,movie-abstract-75,
movie-abstract-75-25-01.svg,movie-abstract-75,
movie-abstract-75-26-01.svg,movie-abstract-75,
movie-abstract-75-27-01.svg,movie-abstract-75,
movie-abstract-75-28-01.svg,movie-abstract-75,
movie-abstract-75-29-01.svg,movie-abstract-75,
movie-abstract-76-01-01.svg,movie-abstract-76,
movie-abstract-76-02-01.svg,movie-abstract-76,
movie-abstract-76-03-01.svg,movie-abstract-76,
movie-abstract-76-04-01.svg,movie-abstract-76,
movie-abstract-76-05-01.svg,movie-abstract-76,
movie-abstract-76-06-01.svg,movie-abstract-76,
movie-abstract-76-07-01.svg,movie-abstract-76,
movie-abstract-76-08-01.svg,movie-abstract-76,
movie-abstract-76-09-01.svg,movie-abstract-76,
movie-abstract-76-10-01.svg,movie-abstract-76,
movie-abstract-76-11-01.svg,movie-abstract-76,
movie-abstract-76-12-01.svg,movie-abstract-76,
movie-abstract-76-13-01.svg,movie-abstract-76,
movie-abstract-76-14-01.svg,movie-abstract-76,
movie-abstract-76-15-01.svg,movie-abstract-76,
movie-abstract-76-16-01.svg,movie-abstract-76,
movie-abstract-76-17-01.svg,movie-abstract-76,
movie-abstract-76-18-01.svg,movie-abstract-76,
movie-abstract-76-19-01.svg,movie-abstract-76,
movie-abstract-76-20-01.svg,movie-abstract-76,
movie-abstract-76-21-01.svg,movie-abstract-76,
movie-abstract-76-22-01.svg,movie-abstract-76,
movie-abstract-76-23-01.svg,movie-abstract-76,
movie-abstract-76-24-01.svg,movie-abstract-76,
movie-abstract-76-25-01.svg,movie-abstract-76,
movie-abstract-76-26-01.svg,movie-abstract-76,
movie-abstract-76-27-01.svg,movie-abstract-76,
movie-abstract-76-28-01.svg,movie-abstract-76,
movie-abstract-76-29-01.svg,movie-abstract-76,
movie-abstract-76-30-01.svg,movie-abstract-76,
movie-abstract-76-31-01.svg,movie-abstract-76,
movie-abstract-76-32-01.svg,movie-abstract-76,
movie-abstract-76-33-01.svg,movie-abstract-76,
movie-abstract-76-34-01.svg,movie-abstract-76,
movie-abstract-76-35-01.svg,movie-abstract-76,
movie-abstract-76-36-01.svg,movie-abstract-76,
movie-abstract-76-37-01.svg,movie-abstract-76,
movie-abstract-100-01-01.svg,movie-abstract-100,
movie-abstract-100-02-01.svg,movie-abstract-100,
movie-abstract-100-03-01.svg,movie-abstract-100,
